ID,Group,Feature_1,Feature_2,Feature_3
ID763,C,2679.006346761388,392.93429980799704,299.07754140897623
ID204,C,2792.2516720807653,374.74260678400213,77.06634784952757
ID734,C,2293.296534312186,408.551715994382,603.8734793837893
ID422,B,3114.897454050099,416.6677176178494,8227.411320270985
ID559,C,2593.5537849636316,409.9908120587184,294.32277097695305
ID432,A,2251.5498320495053,412.2305103133671,6921.227425823096
ID337,B,2486.872047028534,399.90166921706754,7339.67500889067
ID347,C,2206.975503273546,394.25921858492035,520.3221651227805
ID774,C,2684.146651999782,415.45773873046596,-75.02425181178614
ID142,B,2676.9354256320007,398.34572391348973,8182.476736274
ID892,B,2521.4750772304787,384.4271753249463,7901.533903291844
ID898,B,3168.1111067691854,392.2236441237765,8670.464485406992
ID345,B,2076.479608539211,420.2176976528174,6424.174951491712
ID290,A,2584.3646043908507,408.70423384173705,8605.739107291107
ID853,B,2468.3374231199955,407.81469652946424,7533.466485771101
ID581,C,2238.0909551406476,409.21429924334564,586.6024186791979
ID602,A,2810.9900836083298,425.17827395410467,8535.742348770304
ID179,A,2198.1145089227707,387.60879482630037,6873.588817691856
ID584,A,1896.8437208697237,413.81634750760725,6177.133322331951
ID707,A,2643.11904663183,404.19094796315517,8176.726921516313
ID154,A,2346.55937618204,376.34301797347547,7613.020764308902
ID442,A,2182.4537924415713,404.5120919243644,6700.3844608123145
ID849,C,2483.072834042984,389.5512604142043,-108.29444657771205
ID119,A,3349.8219603421358,410.54913503193217,11101.978721319223
ID790,A,2256.1145612521786,410.3969813947137,7434.3296652184135
ID619,C,2747.843179282755,405.9096156176429,101.37549215325134
ID488,C,2565.3730830637396,388.583900864245,190.68403036411746
ID554,A,2844.1858499698506,389.59401013081134,9464.534292409182
ID259,A,2967.930418217977,411.4975601223795,9842.671542020977
ID873,B,3009.0976977458295,378.8283104538351,8525.679331318926
ID697,B,3030.465264279459,403.4655366960098,8593.504309897327
ID701,C,2837.7669557583567,420.331786172396,319.6920891976888
ID416,C,2630.1838170381275,399.0564637768003,559.0310907762969
ID338,B,2156.8522919078873,390.99960449989015,6478.1313496800085
ID224,B,2819.1161105379347,385.7079055098594,8068.926498764235
ID227,C,2503.195343185447,395.3490865558907,409.9213315967868
ID107,B,2289.9752592064433,398.65912220424167,6989.445913826153
ID127,A,2942.924302472936,401.3306327295323,9351.041245832937
ID309,B,2503.3063532296,407.65194045999664,7168.012356531524
ID477,C,2270.333914632799,407.90435870187684,680.7530134404501
ID655,B,2916.860858921204,392.9264525227971,8630.973415611392
ID257,A,2107.239950796333,397.05301277338447,7148.206105582449
ID261,C,1918.538179605653,427.782261558064,749.2331873479461
ID181,B,2867.5965737206257,384.303789769913,8628.79010481952
ID313,B,2043.7828822071929,392.6117012892189,6355.0448084838645
ID141,C,2868.3702723297747,402.57369023031487,-330.74940328672346
ID434,B,2572.938982962369,403.794101335782,7956.926778515568
ID757,C,2698.3601450244787,418.81837210215076,578.2575810451399
ID156,A,1995.5001879185697,374.2005875878005,7239.875494944677
ID893,B,2204.4080144417467,378.5374602463724,7098.082201856543
ID310,A,2159.942128808217,402.91003571091903,7379.28463211479
ID272,B,1918.7893432211272,382.8958676019098,6365.121070885734
ID117,B,2667.8020364304243,408.74753957401754,7876.12765907412
ID794,B,2335.467128284097,435.4556053283438,7044.337117543109
ID459,C,2641.3849130477943,410.1682708266839,444.36455760510944
ID408,A,2104.4822047291022,413.37663477908376,7028.40507400613
ID489,A,2165.3457936863792,388.1868360982907,6934.832553112679
ID125,B,2298.4860009835757,427.10764932012626,7227.503268188713
ID476,C,2713.681571604249,425.04503492584627,596.85762452266
ID134,B,2818.2207116631566,402.19499637968295,8532.272355580968
ID403,A,2713.08833310005,394.27338589181363,8707.709183256218
ID212,C,2247.6823376483726,406.9105139003434,405.40145101727944
ID878,C,2207.8680053171606,397.133042491606,404.1239509184743
ID640,B,2684.7186475633084,386.8813323089483,7356.05386272835
ID366,C,2394.461389060242,399.304381175026,756.2873872329658
ID220,B,2485.571342893259,410.3251883145983,6857.7035970496145
ID710,B,2489.8838078789354,396.12865417812895,7272.661536300855
ID616,C,1921.2464389038555,378.3290782509158,862.3719402351753
ID333,A,2210.9047222683016,394.5912120647364,7077.969163744794
ID547,A,2745.0074806846715,397.7655328737493,9049.414746529977
ID455,B,2843.742489819983,387.7912753169813,7830.309253235919
ID534,A,2913.3814849486025,385.6890444939456,9501.478350512703
ID180,C,2840.114275433386,401.7673734011669,-73.0828862653334
ID254,A,2350.9897612260474,410.3577662554825,7192.52784808135
ID556,A,2369.82057730085,404.69891827035894,7247.672891553006
ID496,A,3095.530652596017,370.45944459432906,9900.563588012668
ID176,B,2525.497837937246,421.49145171446565,7275.107438547093
ID359,B,2556.894021329481,402.6950993571693,7906.732826115556
ID284,B,2239.9386852861426,406.4307676082899,6945.541393281121
ID814,C,2102.1711109700964,410.48980456818674,1496.758414476269
ID226,C,2446.4088839928454,391.94502181734333,231.64882863018693
ID654,A,2478.754873321883,401.22279557537513,8294.941759919695
ID676,C,2553.6489833808723,405.64767764215884,566.8540625457795
ID108,A,2296.7085704053306,383.55249497770063,7245.3201959421185
ID698,B,2454.624830323481,391.1645047030297,7081.471117666337
ID274,A,2555.047033015454,413.8784026293725,7854.166001950226
ID285,B,2067.9171673878723,424.02175475008505,6470.157400199668
ID208,C,2985.2082814199707,387.83838797059025,-123.37412144694463
ID809,C,2844.6250223960024,399.06564668743465,-549.3137872701723
ID207,C,2289.3817682739527,396.81727221948717,190.83497514717965
ID388,B,2097.113925112049,384.9440914063429,6167.672969571861
ID152,B,2700.508620802849,389.99468920697177,7800.25374438256
ID576,B,2745.9133944143746,433.07658940658064,8058.626903177488
ID682,A,2889.4846210394767,412.225218226155,9124.787536925847
ID214,B,2954.5846609294476,375.4322049921317,8811.266822174992
ID262,C,2568.4868040216356,379.40454137356534,-22.99940150753946
ID308,B,2475.384562394544,363.6096394453728,7096.208895888428
ID316,B,2333.868883177826,392.09075363596787,7344.291008766297
ID195,C,2324.792317446351,388.38689537647974,842.711633841209
ID360,B,2092.2772307411055,404.34411103374663,6874.410841239049
ID132,B,2627.3150436641354,400.2714967542395,7934.13164422717
ID209,A,2042.929413832797,372.8839627147626,6874.495503283984
ID399,B,2384.492433502993,379.13510360746994,7045.706080755621
ID424,A,2479.2827451371945,383.3698749962182,8172.934199769857
ID538,B,2967.713752990072,393.6311080941788,7919.486015470018
ID193,A,2532.810111336402,410.20310520024265,8177.082560541843
ID649,A,2555.143880187518,408.14208201733584,8081.313600796546
ID627,B,2557.4157656977072,428.56806340089986,7475.050326891196
ID158,A,2628.3204845974396,403.5734444663007,8036.326810288587
ID319,A,2197.387885262138,396.0452071155805,6786.281817091518
ID764,C,3055.093947127053,408.78671442570527,467.5096837421106
ID161,A,2615.445509484296,401.85497052669683,8093.907544850888
ID203,B,2813.764001258072,405.0816630948936,8311.595417246306
ID693,B,2367.442758053741,390.0826241018227,7280.7719035548525
ID264,C,2219.550981092143,389.3390468890771,298.6900635281945
ID509,C,2852.738215795978,427.68787852151723,-449.97393696192535
ID305,C,2604.9194504179995,424.95151410336797,404.35866423395146
ID662,A,2837.0334331554345,394.2394759265455,9083.213173640564
ID121,C,2560.624972235865,413.83090542731895,193.7510609561914
ID721,B,2237.067698766713,412.8746080358142,7188.830917993018
ID692,A,2440.062453433069,391.0727589201605,8253.538017207984
ID405,C,2250.5294216806724,422.8542248917437,63.048536176781454
ID380,C,2489.3364050727337,382.9192096497843,688.672451278062
ID371,C,2271.537659765931,416.3380541662017,667.4930819652736
ID168,A,2828.0675476559686,384.0128531569786,8622.560473779773
ID541,C,2816.804156584246,397.1666847311995,-78.18369588050109
ID641,C,2285.443717921221,391.3814107662987,1116.3692343339503
ID382,A,2480.5223432157095,412.62783513028273,8104.825890969693
ID683,B,2516.7908332452153,385.1465548497485,7708.797332056385
ID883,C,2181.9577355641973,419.4451060676023,702.9643442391634
ID733,A,2378.2282322410156,400.05217700367785,7708.916619781838
ID823,A,2542.0943494362887,386.7338916497881,7961.641271226405
ID766,B,2646.282849328533,415.99436240252294,7740.388385052474
ID571,C,2772.313062221392,414.096340428524,-67.56256791623991
ID222,C,2530.762336270695,413.97196278263056,138.80364387831378
ID788,B,2027.38934670973,432.1344331497627,6405.4338074632215
ID128,A,2437.2463066966575,418.37445133022,7521.436731698138
ID233,B,3249.28494312006,402.71513883801833,9316.76396077323
ID590,A,2907.321571985679,378.36526143140156,9153.276251591215
ID402,A,2390.9389698068107,393.71555829262246,7211.915028876925
ID163,B,3129.1508150880127,403.1744962248371,8486.964518107508
ID136,A,2186.7676079697953,416.82980691163243,6797.41464919827
ID318,A,2633.2276431276723,398.7597009626309,8240.233025696592
ID798,C,2483.1602326467305,418.07004862743077,671.6906361401079
ID270,B,2776.6205432779616,426.1895849524624,8564.828705129257
ID867,B,2023.7306549793252,421.416205321344,7403.300327791777
ID808,C,2629.0006578275625,418.9218800562902,-282.839233440013
ID667,C,2805.383108400897,415.6402714237954,714.4950631997513
ID139,B,2142.858877777971,392.6347629798399,6369.248585689809
ID363,A,2255.439685373721,385.83449937196343,7033.390926878364
ID368,C,2857.810522780989,374.60569544069904,-475.8464272919912
ID297,A,2361.6836129307303,384.56085032019683,7107.053678404164
ID799,C,2587.230266703795,393.7570243503615,-58.37786292804685
ID521,A,1971.341693945599,411.5850401485778,6601.105170014691
ID803,A,2478.534038353699,404.7725458708341,7808.480421522771
ID563,B,2028.3752255205218,437.51201380821277,6127.132806169562
ID583,C,2563.1647609434604,429.826267496082,15.204008189890828
ID105,C,2475.222371078374,417.5441142118965,494.18990102083535
ID532,B,2112.1717253192605,408.1945380284466,6497.7792058272635
ID450,C,2491.593973753947,394.9052921312406,151.4727960948735
ID384,C,2472.4349221775474,397.02052924336436,736.0336194868546
ID516,C,2660.4237063412156,398.1472969976391,79.29517159112947
ID266,B,2135.24124543027,399.6659290755743,6870.391244797499
ID395,A,2695.3029833653095,396.90225888478847,8507.123499506528
ID536,C,2661.946366031118,436.5561502720931,254.29839560780692
ID498,A,2753.0045343968022,418.6366796501008,9241.292170975805
ID191,C,2283.764770787359,415.94628581783746,622.0833598345773
ID897,C,2872.941289122661,412.17120696569106,394.1531881518472
ID508,A,2031.239029860317,373.5345186085775,7129.229304212162
ID630,B,2005.7695338650597,429.9152199139962,6229.46745013359
ID787,B,2335.44735604588,405.6836972825959,6972.513735221304
ID370,B,2356.3602034962405,407.81023315700605,7029.680459892123
ID753,C,3217.116939533423,402.4496236269644,-642.213676173234
ID106,B,2594.7140318820043,384.3211964621317,7908.81799290655
ID393,C,2773.917039821967,429.2725432499367,651.7587202290415
ID216,C,2353.378700765351,397.0402218011987,663.6154472346379
ID659,A,2912.8275319598615,379.68850184461735,8878.821534770672
ID482,B,2256.4912745763268,387.9495857752862,7437.8264803648935
ID301,C,2425.0058142687103,402.33817429667306,117.82095762191557
ID404,B,2650.6527858722893,402.83509955808904,7676.41199920741
ID593,C,2137.139768669988,393.4870980091948,148.98853128935048
ID801,C,2905.620530286782,409.9726792260949,-307.1371914402189
ID548,C,2693.745683180902,417.9204576479684,231.26621281252665
ID413,A,2137.896389952119,393.4310971347596,6545.312265535931
ID545,C,2596.0179920799173,408.0519570062186,478.06685850414306
ID852,A,2705.8497516268853,402.490463293267,8658.140105134877
ID804,A,2899.100394461534,397.26149552300615,9160.496950055278
ID665,A,2404.7935176730716,400.44715484231006,7317.445822513619
ID560,B,2613.0849357655648,400.9742488810481,7894.666287428721
ID325,A,2772.4550422166017,392.5723398860995,9107.744777177253
ID589,A,2318.22646927093,393.741492974858,7832.0173164805055
ID240,A,1898.666162978092,411.3829286700017,5872.939920116281
ID696,A,2297.2750190369993,400.3992039670794,7447.994516500788
ID228,B,2902.875332422839,392.06715549525813,7934.30076219719
ID300,A,2522.299546969846,375.4825503694875,8510.829221918262
ID230,C,2576.999738820438,393.6117259868339,8.34498952209924
ID731,B,1794.0151010420013,395.2300524532249,6443.390877537738
ID578,A,2385.751701689283,421.1044238352822,7645.223908980097
ID724,B,2259.575036685553,406.85297291624636,6990.8874223367
ID454,C,2904.721749559646,395.9913536146661,-38.03999384452436
ID642,C,3056.8175816919484,424.68500536875524,-252.8197775630997
ID869,A,2278.1115522087543,431.9102321506033,7197.563447807153
ID231,B,2439.092925276225,411.47299697985875,7827.267566188881
ID670,C,2709.5970948222594,399.5497350070432,-277.03575855126155
ID624,B,2265.410653329913,386.9324760573114,7198.198830613042
ID537,A,2132.761838473788,391.35474028137935,6975.708695921279
ID249,A,2201.8286614778267,388.037724971965,7570.458640154897
ID845,B,2273.31996475787,406.91875244119603,6897.325078015304
ID469,B,2776.911485077155,388.6763384823468,8135.525337085712
ID468,A,1790.4423349200179,396.38733398127727,5747.101545894984
ID244,C,2232.2863273024445,383.51866212107444,500.8817255235165
ID585,C,2977.4665254831016,402.6535213914807,-798.7163946882715
ID304,B,2740.657349208219,401.3642881122042,7834.649757528547
ID704,C,2406.0972778842606,415.8391697774779,303.6254280496223
ID863,B,2635.8776818363685,405.14512021052417,7595.285747408871
ID410,B,1802.5159201903434,424.8594747542718,6362.663776043456
ID324,C,2763.3293953826924,411.989811155182,-383.4909296619578
ID857,C,2855.9215647452447,407.80479408748215,284.58697391803616
ID381,C,2387.811999435404,409.2142102632804,753.7421092961179
ID298,A,1910.0594135244714,411.296897258287,5871.454697186275
ID574,B,3185.444955107878,390.95860717285535,8953.709069200253
ID265,B,2703.832824807241,389.9498258769336,8171.226378182198
ID481,B,2256.900730981517,450.45797688743045,7673.818989913492
ID618,A,2558.1223495259565,418.87917456714234,7781.236946549354
ID595,A,2583.7432539843617,403.5613131766683,8631.928943356601
ID278,B,2048.6618387424905,400.9782146536857,6819.288520051621
ID666,A,3084.138443632452,389.7264293578382,9970.705689855904
ID479,B,2596.0944198181523,391.1719885024825,7712.063226793449
ID286,A,2338.870592391437,382.3074610955453,7979.489366170282
ID524,B,2785.3330943202895,404.4610737496726,7575.496982463119
ID201,B,2523.142444221784,422.9596291468428,7912.685175815344
ID334,C,2703.3516641365263,437.10709450461957,659.8398133582846
ID506,C,2756.5639446360015,381.67025286166637,-1.5384399247159308
ID848,C,2485.3387293901014,404.1791179744378,711.4679100099875
ID751,B,3039.9738678673343,408.46951587019163,8881.25951278153
ID669,C,2562.4803970975204,413.79544971105656,222.81683617389763
ID544,C,1942.553962224853,400.1848056334711,1315.4796447242552
ID626,B,2533.253445927159,403.21084825240723,7734.989279459067
ID875,B,2747.9956846713567,407.7436857714916,7742.357388682229
ID346,B,2218.715083884509,383.64911810631594,6778.94117271195
ID287,B,2365.3120225422203,407.8774996096903,7251.285327529073
ID187,A,2768.254952858879,402.8503163969902,9039.092841576494
ID722,A,2497.0340506318157,383.1298876010448,8045.548045600091
ID441,A,2498.725138232587,415.80638653062186,7847.688563444879
ID587,B,3015.3149020741557,408.33316987998955,7934.270464765831
ID664,C,2053.517635619445,385.6869851031815,862.0702512568969
ID307,C,2927.57834017985,401.9043598809756,142.30120248684125
ID269,A,2083.470576704207,397.73359918475603,6868.2756208910605
ID251,C,1828.639734412966,417.78773495343967,1668.176823971271
ID546,A,1991.5042333610743,384.0059434586925,6503.868125554995
ID604,A,2322.422043325525,395.8740092145961,7444.419178937431
ID394,B,3048.9310247354106,429.2952065136834,8355.733381733524
ID694,B,2759.266246312349,390.8616242972576,7895.719852190139
ID126,C,2303.044875874528,402.9101498080438,844.8509849445807
ID836,B,2621.5598536133602,398.202444590226,7915.6723689296705
ID400,B,2411.594944032701,400.5117361517348,7116.491252583433
ID433,A,2204.241216696075,382.9312793753248,6941.0812389396315
ID383,A,1945.6002428809868,390.64234089075575,6869.086069411734
ID769,B,2893.0937040957665,403.9752442328126,8685.074017474686
ID375,A,1914.2485671119994,418.5400202514501,6517.920482968188
ID336,A,2220.923687808348,392.6611799354014,6949.429657950657
ID838,B,1950.5401019382366,398.1663759700674,6616.047439937335
ID114,B,3013.419904622148,387.0796466193854,8249.477016347957
ID755,B,2712.3437016975017,388.58171577073534,7954.727769673118
ID607,B,1850.9666988933782,386.58014322809515,6368.565317963005
ID812,C,2598.0008204843593,413.7512813169986,-86.0999542749164
ID160,C,2471.6694822769973,419.979121818569,692.3970083000308
ID861,C,2756.8239273052554,369.7268554419896,235.6705402061193
ID279,A,2165.31393156412,395.1248964047266,6980.216964838105
ID173,B,2482.3398063477994,385.43148506189294,7511.370194708639
ID706,C,2643.640817307805,384.4370761348917,522.7312721173598
ID242,A,2932.3468243474144,386.4250208158028,9194.57660246171
ID341,A,2502.691761398589,407.24739661319046,7675.44011521705
ID526,C,2836.2565735602543,394.73810488869634,146.8102406406897
ID540,B,2155.147594193455,381.2367414360641,6873.639124494799
ID421,C,2152.067957673392,394.43813772151964,838.8923930889223
ID565,C,2281.3206039314455,387.4393684661201,516.955525610645
ID725,C,1805.273615955858,400.144525139946,1074.6763606410277
ID783,C,2578.252995661219,410.3448119853453,77.24702148121332
ID503,C,2530.4165347350286,399.7585870905184,273.97072359519734
ID854,C,2320.513485669346,416.2255912151745,1149.1717456753777
ID840,C,2395.1901622693176,399.6933581841266,295.75443960374923
ID367,B,2479.616051874396,400.5110054164538,7322.99457352752
ID647,C,2387.5605632767315,383.93797174403846,177.01033089360362
ID789,A,2561.901940201093,408.135181210463,7945.4772228847405
ID711,C,2612.6195133749834,415.5443094077287,169.18763226444025
ID573,A,2205.4271338385133,412.94080127819933,6950.035540099025
ID116,A,2406.0641819805874,408.30977974305307,7209.1827360294565
ID613,B,1747.958241788163,403.5188554306629,5826.708454972112
ID598,A,2379.291239290712,395.90381927355236,7222.535492798494
ID467,C,2154.599350102557,416.000250879622,749.462133199967
ID866,B,2556.131489131123,417.6608611606911,7616.637262157565
ID542,A,2899.5561205800095,404.3832770465287,9350.9347648617
ID608,C,2330.945376974312,393.1237668309581,621.7698897568075
ID513,A,2175.667559715261,410.5663127128774,7063.769608002182
ID397,B,2875.941106252674,380.8154618923739,8150.849762628781
ID811,B,2489.770373234319,408.42532910645434,7498.968535738784
ID614,B,2327.579712153748,425.12488811626724,6898.532905148552
ID673,C,2138.8189067905423,399.50691840641747,100.3294674621086
ID351,A,2561.6745516092346,399.6282502100303,7443.539823002966
ID871,C,2122.776504030658,407.572785477653,485.696918690556
ID418,A,2145.5178579349504,378.52414950105594,6826.767220749522
ID543,B,2160.4920515141603,389.8631215701836,6466.031634250394
ID660,C,2683.502989002748,395.73331814917714,490.6718458887017
ID328,A,2451.8099778254204,383.38428182064155,7751.923990696955
ID103,B,2577.2088883320585,380.9261762613543,7626.119744369305
ID686,A,2426.8013445635715,410.90783448500866,7799.724873917498
ID557,A,2282.205614869458,392.5466447899101,7346.090075523667
ID889,A,2352.1413391921283,428.1350262739733,7037.707968064232
ID322,C,2455.884639592169,413.7981735127651,628.1581363822411
ID312,B,2205.5278606201887,382.70920648290746,6808.569517538988
ID464,C,2205.271554666267,391.2548473110451,629.2814975462225
ID446,C,2441.389654640047,391.49591549310605,-462.3533317977276
ID431,C,2812.854588628688,378.9107522470909,26.774782431874883
ID294,C,2896.576760621928,405.4948221967321,231.59734100554442
ID332,C,1566.778884123713,404.60313519183535,1714.8793739253492
ID348,B,2539.9657364619598,383.17873308430046,7547.740535948291
ID609,B,2261.167113565852,393.38550513591645,7289.2890766592345
ID412,A,2092.3398553862976,378.52029726038455,6503.653235114398
ID611,C,2999.0851517412984,405.05770859229426,-256.4548833339272
ID219,B,2592.8310752937,391.26336795891535,8073.96267963513
ID171,C,2397.719841500041,421.11681386936607,3.851257909385822
ID834,A,2185.7183025290883,402.9827964735428,6871.023383261785
ID688,C,2913.5859154229693,417.6803023576412,-368.5951055526043
ID392,A,2108.558135000052,374.3264000887055,6434.163534745649
ID182,B,2620.6454913192083,396.80097765500386,7854.6348668231385
ID597,C,3033.4636214129996,404.616685900195,-83.84053371770779
ID465,C,2565.281713605115,427.75411328858485,888.1514896653575
ID713,B,2270.75790931177,391.12931421216246,6560.2169385805555
ID377,A,2842.3092829982097,397.20179937074846,9442.478995683066
ID256,B,2301.1496594461532,379.54673999988904,7187.878154681735
ID856,B,2963.3318325078203,392.9978564977775,8467.832800599323
ID514,A,2962.2039811800846,396.6183651201272,9524.720485820008
ID653,A,2802.547044448976,406.41974686895213,8748.389769551377
ID210,B,2294.5920893357556,392.25592722223604,7413.585731276181
ID350,A,2143.1523630996985,376.39410034873777,7210.107163309127
ID217,C,2116.5568363150105,386.9429697011657,1057.1887782143622
ID146,C,2565.457969423608,410.1927241559001,110.74645397669155
ID234,A,2445.585157286468,389.6608451510498,7591.6186776106115
ID462,C,2104.4095128182244,420.83876174027995,489.29228441423083
ID444,C,2341.032671407348,419.9175033601994,462.03686371400704
ID440,B,2601.5413472006794,388.36246615182023,7636.1387912204955
ID625,C,2504.8643674269083,410.84960403816984,243.25258741586822
ID505,C,2486.4733992761953,406.7286782748012,478.5461535116842
ID115,C,2051.834728539413,413.6648014750809,1248.0634749390383
ID658,C,1940.9077032564314,412.1629047502998,912.8042877168241
ID507,C,1985.7216565625201,379.95256271412,1053.1004375940402
ID894,B,2326.394462976466,393.27803880413717,6804.926642038192
ID599,B,2308.5476051578594,382.08909505132067,7153.352120477744
ID874,C,2697.2008135603405,407.020787555799,121.96431157896996
ID635,B,2507.686359068679,384.51152671535516,7583.77251493365
ID443,A,2563.5304523812456,395.4479758194176,8377.00103934355
ID355,B,2696.1639576672005,397.008195095459,7717.380135752539
ID797,C,2083.815336095886,399.8309571391245,555.279869911567
ID572,C,2705.248711815962,410.64615753455564,-193.8290448610269
ID745,B,2715.997643009961,393.79950782493665,7645.516229092958
ID586,A,2107.303078931082,409.79071355550735,6758.048407554034
ID656,B,2573.9116041097022,365.62285715655486,7586.2250706848445
ID837,C,2249.5898135805683,392.81785239356964,853.1282763897404
ID767,B,2384.6880938910103,394.8122964013154,7308.533389302933
ID651,A,2343.102050347291,389.65106015371117,7329.949858937524
ID582,C,2956.208203300458,389.6011837490057,-445.33332213686754
ID770,A,2831.8046598006886,417.54085338806317,8552.352197739492
ID888,B,2703.87941247764,412.2023500934168,7644.292530724593
ID215,C,2204.23219186661,377.5871286495025,678.398742825002
ID723,A,2521.5556461313527,423.35639717788195,7909.76778793029
ID784,B,2560.9717276455654,394.2137090771886,7157.442978434963
ID610,B,2886.140603648695,419.57912306456467,8710.702559320136
ID887,A,2269.6278237490124,368.0690282074909,7441.353762993878
ID232,B,2207.913625422968,424.29425436130504,6763.219994500467
ID530,A,2444.8112124814315,401.201822967304,8314.256030429195
ID493,C,2481.4359888111117,405.7094226430977,465.96528984929546
ID271,C,2477.2241285845994,371.65746444549603,714.6039739479102
ID291,A,2435.210185608217,422.1829839430568,8038.350886661048
ID646,C,2941.3065166095384,379.30368580750473,-501.2873773698998
ID792,B,2418.7102471810103,401.8144882434957,7158.590151991876
ID623,C,1950.531931603902,403.42324276968793,1580.8800012257664
ID588,C,2445.736375631127,413.39919096094303,424.78530530310945
ID241,A,2889.6426307247707,381.9309675797538,9046.489028559034
ID281,B,2161.593589301846,389.0133658827166,7504.976383286565
ID414,A,2205.4870993338573,379.11536226189094,6985.076929668972
ID376,A,1785.9208705525073,411.5482141190059,5675.74915703457
ID519,B,3104.487618276651,412.06794212861735,8734.935558486332
ID343,A,2586.842079402312,418.63622948603955,8467.401976943682
ID795,C,2151.8576730964664,392.5143888419886,129.5824153182955
ID785,A,2639.208191636075,408.01552246930487,7986.768746288279
ID452,C,3073.9300890543077,400.2456644174703,-202.59789793292475
ID822,A,2662.39034394063,405.5907531686697,8769.049539384834
ID172,C,2395.2411984732335,393.70886387606384,660.1199843045165
ID831,C,2623.0060382248084,385.6388946417552,-256.1822889450086
ID166,C,2592.79127422268,398.2437457534198,-562.0912629788058
ID484,B,2932.1286412001677,418.38699248027035,8047.314420020745
ID681,B,2666.9581547974713,372.57825865013893,7448.878422826997
ID170,B,2483.5632168664697,410.7921259640507,7258.507120976858
ID213,C,2670.82579255415,373.69353280288715,-419.5005251700313
ID638,C,2560.697866174124,399.8875539543183,263.3878354159201
ID773,B,2317.800457664116,400.933334091712,6784.764498154069
ID621,A,2672.175092854114,394.95357055243136,9185.722663612914
ID303,A,2432.0436170784183,422.41536491643205,8548.21095143176
ID276,A,2401.6612485533865,400.6998665990808,7877.6681253079805
ID200,A,2843.9494054214188,424.8445564997956,9037.194562665125
ID292,A,2283.856184752576,373.8289304207508,7623.636701676443
ID791,B,2491.0143564409295,409.2560853636494,7151.889610984857
ID772,B,2423.568559181241,377.117547813186,7360.885469426694
ID275,B,2923.045398169703,396.1401872902561,8315.297890265832
ID631,C,2565.393369802613,421.85415579005434,272.98377358975995
ID732,A,3092.4810182323663,402.22143562698534,9824.928952940585
ID771,A,2811.779803584945,378.2441647384294,8686.647917296275
ID407,A,2904.028842482836,374.3497776414653,9390.39534153071
ID435,A,2542.0989189430347,415.93208316501153,7881.744761858908
ID157,C,2404.0182265624308,403.7056744379411,632.7463637599803
ID374,A,2503.58650998664,399.1509115895123,8686.618496817897
ID353,C,1920.342345095395,393.2505234718038,681.2787961849094
ID730,A,2510.590208486485,394.29668799911656,8442.990165111594
ID828,B,2259.785990737781,409.1321775207188,6788.573103038492
ID860,C,2577.9193499902904,411.6395841499194,281.9242563413459
ID255,B,2031.7675469454787,417.6988127319165,6731.296235017804
ID779,C,2367.17846474763,393.89833525895136,555.8424279121693
ID720,C,2294.197466257705,423.59178244721784,377.9718759699233
ID747,B,2204.4137681865536,388.7453604271185,6780.39307224317
ID555,B,2775.669733627228,369.2037567087997,7682.054414515898
ID283,A,2455.201726011711,389.4969335299317,7795.717204681414
ID622,C,2733.7763836357967,425.1691129294924,245.71457768689243
ID415,B,2408.656643125985,391.25307283058737,6778.425908156187
ID864,B,2474.4501986485766,424.30991463424067,7916.677304875257
ID357,A,2275.006833115489,396.7371674921884,7227.901308043179
ID196,A,2227.154120144515,394.13471444332583,7164.166950229868
ID311,C,2542.3302987892266,434.97251480309683,1219.8956557868032
ID406,B,2677.5543679104926,375.43486302852824,7910.099611056316
ID330,C,2773.8865731659857,402.05563069502614,461.6423197600443
ID825,C,2398.5123302882,389.2345509112581,795.1877714673744
ID636,B,2162.9527562541275,404.9104454068735,7110.210292285611
ID323,A,2205.2840718261073,399.6339943643588,7033.779081465191
ID101,A,2711.698889868725,398.6118905013937,8195.750794739139
ID810,B,2954.4334639002327,385.7560370767514,8153.22562158425
ID453,B,2582.750423401451,382.36370520750046,7291.898598887166
ID143,C,3196.5739413056845,393.02937769457105,-48.453865447660064
ID675,A,2898.598617935659,406.0216114790837,8984.270599469713
ID110,B,2324.581971417416,405.43343552310216,7042.275632747949
ID793,A,2568.4398192731555,397.06276826130966,8305.971702883959
ID807,A,2501.9200889546637,386.94448973591807,7604.027763086952
ID768,B,2025.1934892923261,407.7936738264438,6313.831960887196
ID603,C,2746.9805674424224,377.9330373164457,-108.81962470724466
ID687,C,2307.8190439237665,405.54875577220383,418.90101775890366
ID178,B,2174.441447313094,399.7639666351272,7127.171732048849
ID485,C,2070.75074562852,399.5396262858799,995.0955442962672
ID138,A,2412.950551955313,396.7514218904039,7887.442185364066
ID551,B,2396.5198394599875,398.7599004001994,7350.960669583615
ID778,C,2588.7269188812934,406.1762099769578,-49.928417310417444
ID147,B,2952.7231633808237,388.5858421756203,8429.259173911585
ID695,B,2488.3384098025454,364.75879854692226,7211.190877652391
ID842,A,2392.0959101177705,427.6186241926809,7255.030877970333
ID580,C,2704.473895464769,406.5818207598404,80.80427486373401
ID149,C,2655.2348305108258,391.41975018334114,65.33113712030627
ID354,A,2567.0426533516134,389.9647211942059,8157.720293675124
ID569,C,2172.2516101545884,407.34098345578997,352.46965260230695
ID564,C,2495.248448119407,389.4422586312138,510.9105585534094
ID473,C,2838.9322677306654,412.41842356241426,219.63019610279434
ID461,A,2002.1701392080909,392.3312973368089,6720.099314032796
ID758,C,2960.177252602359,396.98217599601725,332.1071161953032
ID533,B,2645.1514285623325,381.2295331027333,7997.710380414679
ID629,A,2300.7476526886026,388.10226986625935,7739.950714370222
ID417,A,2779.7670904459674,397.65727243446696,8933.185519950272
ID296,B,2663.5103684302244,403.5046980068733,7928.64450479794
ID327,C,2131.854640788168,398.0423249424967,917.0249250284573
ID458,C,1942.2988838666724,421.75517035554094,789.7114287607187
ID329,B,2209.290931890878,367.06381548410604,6630.306048163769
ID420,B,2495.662561343316,395.56087175776446,7683.791216699832
ID752,B,2923.4028531774666,389.7061977755943,8765.995216509134
ID677,A,1754.3493740883382,415.09227011036756,5519.658450033539
ID486,B,2109.2216803753404,398.72076192367354,6674.020151191327
ID289,B,2493.697794142022,397.99786359119395,7425.363259393034
ID819,A,2413.276437493879,376.30488219920414,7468.098254187675
ID830,C,2558.286669596999,420.9107377817276,345.5749564058751
ID527,A,2545.554149355943,402.2492347497463,7790.084244117079
ID858,C,2352.117787317201,406.2563705248214,858.3700934638885
ID153,C,3013.1243987404137,393.7113876054036,-330.3388547126092
ID899,A,2345.093684587303,393.2891621640508,7869.6386901757205
ID246,A,3074.1679231150056,415.13493116252243,9439.017081098786
ID243,B,2461.0880653007507,424.1242260559102,7909.275610343185
ID570,B,2561.6134643176565,378.09461170616527,7687.387099783785
ID562,B,2102.2102192097786,419.41432535716103,6626.038441086766
ID478,A,2283.8757067458814,412.8533691574874,6988.2570893876755
ID663,A,3151.1182587895764,390.12331880220347,9892.023545491586
ID302,B,2463.7899682108236,398.99439164431976,7575.134814221538
ID617,C,2997.1720968163336,385.8278123640484,-210.51729926248254
ID591,B,2636.1892020298187,407.5902829073742,7902.589066475117
ID717,C,2539.0508798148367,417.6938289125938,294.0766039573241
ID500,B,2819.49293306933,409.9242447723182,7787.206527749317
ID645,B,3013.471132852458,417.7983917966743,8651.432317656505
ID531,C,2706.962436074431,366.375849387807,625.686950988299
ID190,C,2308.6461012718455,416.0640069001215,338.57961356324495
ID727,A,3041.3637691645313,402.2766267773017,9880.107709070915
ID876,C,2522.565708399677,388.17425659606914,644.5311583985076
ID248,A,2372.7916911621583,415.0885429398608,7743.156911519751
ID685,A,2176.565063160183,398.1511890881065,7429.271472088993
ID398,B,2734.3575113046372,397.1465427977547,7736.019633344172
ID691,C,2433.374391805569,408.81750593527505,196.15250742120838
ID847,C,2018.8556575042185,421.24565840514674,1059.6543016265111
ID895,A,2541.842237865423,389.6633139982129,8293.558748142887
ID501,C,2688.187079443102,372.7187488794358,644.2094787205124
ID714,B,2862.2779485026413,398.65452396698953,8999.442115426398
ID737,B,2499.6293395814005,392.51575091072465,6975.342257954417
ID594,A,1906.7307824337563,396.6605432711001,5955.752015423188
ID365,C,2562.488510626407,425.613693001839,520.0878220111113
ID427,C,2931.2395239760845,386.883343850367,393.99071619683764
ID782,C,2937.002883193335,407.218742017488,253.83228527421397
ID716,A,2348.8893548178758,386.31690254513273,7419.047946274459
ID344,A,2633.1833403019027,388.81595144590784,8709.446148173201
ID715,C,2416.992722056629,383.739551535944,-11.825304028938262
ID824,C,2511.9204757335933,392.8035987859777,325.6464334224056
ID144,B,2260.8518001577318,387.7388865867459,7165.664206863463
ID806,A,2439.757771122067,383.889858250294,7579.217464832949
ID263,A,2269.4418326402756,370.5790334343483,7443.876585289827
ID293,B,2279.1785031640047,409.2542725407718,7354.908188974603
ID832,A,2630.0024724801483,409.7193283122999,8316.30229228682
ID451,B,2294.3701044538925,417.00090435569814,7085.546008509411
ID776,C,2435.413777509615,382.45874071753724,226.991202323391
ID475,A,2841.950437862839,414.086180300292,9281.75040066899
ID238,C,2639.309823800983,427.12099423114535,288.89608507691855
ID456,C,2513.6867574602684,381.01897581809436,337.379094537132
ID553,A,2513.978800507168,426.87734188175824,7670.883087747113
ID833,A,2112.231403139583,413.59665632274266,6636.173728839001
ID671,A,2875.4441732433306,413.71463955819337,9059.131043477373
ID205,A,1902.8895314848946,412.31533837809394,6215.868317175307
ID140,C,2655.3023556039657,404.4865411207184,532.0089046815401
ID463,B,2695.416914760544,369.4039610902472,7434.193619597016
ID851,B,2595.84606266903,402.47248246830327,7648.116349650811
ID362,B,2355.866775930545,422.50613803154687,7573.930287602753
ID282,A,2498.689582176602,425.43530869791687,7825.860250734732
ID504,C,2927.621638555931,388.0723816816391,545.4199317154503
ID295,B,2447.5836344916006,403.22845761489356,6879.644269790768
ID637,C,2313.266772492969,395.8925093022923,756.7271070377551
ID877,B,1976.1920865730854,395.7208400548951,5867.740688563024
ID841,C,2179.706607737094,383.3608745905708,493.1398184498107
ID223,B,2589.110420322434,422.3846520265025,7373.493833097169
ID802,A,2414.791388178674,415.10591470833594,7532.1067120284215
ID245,C,2722.9116202494474,423.23515776093444,382.86806005737935
ID445,C,2320.739329484748,370.9459549090328,703.4587534021161
ID741,C,2644.19492997654,388.81051579799635,-138.96112229943355
ID299,A,3142.2300952361843,403.5639534772099,9670.967165851776
ID457,B,2648.797669485482,429.851027382013,8129.3653506493865
ID529,A,2336.430454995925,405.9619761940683,7531.662332445627
ID620,B,2606.6745155735225,370.1218599624225,7440.313950893017
ID183,A,2310.7658981716304,375.23467107700634,7860.686697052311
ID211,A,2366.710398767599,411.8691230487155,8404.018671199497
ID577,C,2827.407836958987,396.4186344135273,160.27976222537745
ID643,C,2214.965037824019,413.13631821779796,345.900696379721
ID568,C,2917.499494949007,400.3822837987445,-17.310280692939614
ID805,A,2588.1698768971482,377.8813135758127,8812.748982971421
ID672,B,2566.550520587517,390.6029970172676,7662.49789967401
ID342,C,2030.9388612307832,406.09256117397894,987.5385480062689
ID390,C,2488.0761489550655,403.92453590574576,714.6587060527713
ID648,C,3021.306931282968,407.0026702885117,487.86911052241885
ID891,B,2175.23233570101,388.22197355751143,6140.970367905791
ID229,C,2269.491341136909,409.17550987851115,853.2192415143927
ID470,A,2541.3180501049906,425.72324848631825,8351.994043304046
ID749,A,2721.2010829090327,379.2928441069509,8860.1021427592
ID113,B,2239.624684931726,379.6382421791354,6953.537366868988
ID661,A,2256.8524589056815,387.4509507680377,6962.801629443287
ID879,B,2468.3857169732387,378.0646457583545,7605.8875664312145
ID678,B,2332.8027027787157,380.85129586239736,6920.296217723033
ID615,A,2718.8967909890835,395.51731834239706,8681.426713350465
ID552,B,2890.182399123484,421.27116855870213,8046.050076739933
ID439,C,2447.817328817016,412.0221266995658,427.8667032579506
ID448,B,2479.1393698799557,405.5845529842798,7584.292456204819
ID859,A,2002.263774869064,398.51394008712987,6020.626772021535
ID150,B,2186.6154311275013,390.7733028371742,7069.5282098274765
ID601,C,2449.5048154044034,388.8890983842329,479.8616540375342
ID148,B,2565.8986845592226,402.701449468558,8190.663176820417
ID796,B,3044.692343385615,411.1549575440108,8467.601192940594
ID199,B,2118.574786011026,401.16280541356207,6655.815205886924
ID225,A,2419.153438970919,424.8698451502048,7292.64238782647
ID314,B,2495.2220612837727,408.35545572066457,7096.102939899882
ID120,C,2361.6844124702307,390.3067387032722,620.8735170918587
ID729,A,2716.8680852629786,403.7334018528087,8487.796646927703
ID709,A,2148.823960415519,370.0329804620212,6961.032419824102
ID372,C,2226.280846211148,432.8393074390975,750.4733244547256
ID510,C,2211.959637546968,419.0999526852042,287.3867507624459
ID449,A,2632.505882060458,408.10528212736006,8142.877121578804
ID679,B,2640.4855103237282,396.04825654164495,7891.645722192547
ID250,C,2230.8151235165506,385.6643739332743,488.2731034284934
ID703,A,2645.1926529900607,397.26388952085574,8725.746797832533
ID846,C,2996.514864074577,388.43588758007485,-479.2128586877898
ID886,A,2916.058550621776,411.6217504990302,9072.34086585393
ID235,B,2134.304219266283,399.79411371968035,7068.225666776549
ID890,C,2669.7443704677694,408.9336567632323,476.04356277795523
ID762,A,2190.7001827001422,403.6023243345235,7155.352338929927
ID786,C,2678.2029106492723,392.20705097612995,178.96442168243402
ID880,A,2169.305522744615,389.13182327965296,6991.692779562259
ID850,B,2407.129015782442,414.3225657566213,7488.531433892282
ID202,A,2601.7471498346576,432.45342694658655,7524.855513626033
ID520,A,2863.430884798679,378.7723243754662,9500.742009144113
ID881,A,2563.170136025002,412.03118021130376,8127.21601658134
ID237,A,2826.2038932238675,410.0895580217769,9065.821294128944
ID700,A,2749.974471706892,404.6516135732624,8386.526539384613
ID517,C,2499.070595541808,404.80298510397046,108.74673397309243
ID109,B,2752.639876485281,424.14418066941533,7806.358259601464
ID326,B,2846.37807213871,379.9809320250546,8333.712233175005
ID436,C,2797.2554906340347,428.0348434525022,199.14872558968864
ID760,A,2778.812419966018,385.31372296718104,9246.305479289324
ID252,B,2182.6019755242496,415.3152423413585,7054.5338719323745
ID821,A,2236.9945426216063,407.6106526337381,7015.738124263165
ID896,B,3023.231435733677,390.71462089765726,8481.998271463995
ID373,C,2894.624719933682,399.02491209663054,337.2654870054871
ID472,B,1890.0515171075938,390.58316871440843,6241.0448469382445
ID186,B,2235.111811880606,402.0034150258642,7103.154883653543
ID815,C,2421.2520865980746,397.7562559084054,555.0730201753945
ID719,A,2631.1135389584456,388.93514104632703,8432.688458839075
ID352,B,2420.7421499490188,378.1670670703824,7226.748094290242
ID826,C,2741.1016471213993,392.52045393636814,235.2682149677321
ID145,B,2170.0905366251577,401.1712636592369,6713.052105085186
ID680,B,2261.3216377932813,394.7111742901635,7066.2441542825645
ID756,C,2793.3903056154345,456.39336287522235,438.92084592091396
ID575,A,2827.47752728483,386.8758701272071,8916.864085988325
ID515,C,2779.797761611444,385.5586707244272,274.77036866284516
ID155,A,2935.837126902181,385.2378614766218,9684.808072309788
ID844,B,2891.7061086516314,412.62406541943767,8376.704222678154
ID491,C,2397.3452045668373,406.3986676948836,470.0221007305893
ID754,B,2392.4242017274637,409.3635724820954,7338.310833539538
ID561,C,2054.776162292823,395.0882680642324,657.0689340565789
ID423,A,2109.972033048715,411.94846291840736,7255.2265915313
ID389,C,2553.884141253044,408.97048920045984,410.3576099641464
ID684,C,2437.979576428919,405.99604874127476,551.9467738174269
ID480,C,2739.6332591715,411.40669410872863,529.0335344814262
ID188,C,2693.0314390440794,386.6574060064853,-165.35735852690868
ID800,A,2304.290157655311,393.809803493434,8114.635611284817
ID817,C,2625.0871063512136,417.6165973025905,879.7066565510158
ID781,B,2765.4111523162005,393.0126686856576,8094.275061747168
ID335,B,2998.03187236102,398.4682225368386,8193.940463674257
ID744,C,2624.605797092232,390.3612727312166,-78.31619350150277
ID339,B,2541.985894064534,408.45354642099915,7796.363456189107
ID868,A,2343.8695719903353,354.0649231257652,7539.930985922998
ID702,B,2269.9113935703394,397.06522000825134,7055.284567744715
ID579,A,2295.771453032148,419.2504701632923,7644.683101604435
ID135,A,3022.595620313599,410.0168315395544,9806.466582027073
ID750,C,2211.0405605983815,381.48910763630374,80.91977377707735
ID523,A,2273.534094605435,430.8166090348465,7078.972019093101
ID102,C,2430.843186921523,406.4103443066632,701.9391942822826
ID652,B,2759.7608331497368,416.5896139701516,7871.672220273765
ID633,C,2709.2936291216647,397.2993142204722,547.6156031160162
ID884,A,2488.4664037680304,425.4300817888535,7947.776398523605
ID321,C,2733.802880100931,384.8250314857393,-34.70708279638302
ID689,B,2081.0430289126703,412.89401954603613,6844.799623991492
ID549,A,2700.333028242547,391.63285706066193,8789.213581364638
ID474,C,2505.754875429686,415.9027488745876,552.7542664105981
ID430,B,2454.110701451865,374.16057761337385,7581.652073167304
ID340,B,2903.5870975128096,390.6393574350632,8142.805895234794
ID827,A,2402.7338524383076,405.8857139427876,7730.078264130001
ID705,B,2374.265225833495,418.3163309518305,7114.323700754264
ID865,C,2352.7467170936884,408.41742301605655,746.3306221646594
ID174,C,2636.6269599644647,380.79398598369795,755.5030596670085
ID131,C,2442.4190795976438,429.772496582286,502.6032635116701
ID639,C,2240.020837683155,409.3899661823759,707.2845383099886
ID267,B,2704.4669653527067,382.14115230559395,7554.466455381673
ID487,B,2645.0924303452684,413.1205462320076,7730.353955618281
ID512,B,2496.786677620485,402.3616726779472,7842.629652543179
ID492,A,1821.9739980295076,395.0977088019975,6380.568344827318
ID385,C,3029.566140634527,403.1160506920889,-665.8590627973658
ID499,C,2255.0640670103053,411.9263029935207,244.0593776786584
ID558,B,2566.997997120293,431.35533666041107,7049.902511055435
ID185,A,2831.418990310631,374.0840110290938,8929.87658889711
ID268,B,2447.151788349594,424.6342595027589,7181.888693989973
ID718,A,2032.742515796991,412.3186523426292,6773.255380427605
ID502,B,2508.1088460732394,390.393678588975,7309.8008474707985
ID236,A,2593.440158108673,427.47701430706115,8030.221953112793
ID167,C,2448.5001575068723,395.19630927965665,413.6867797880891
ID194,A,2654.2049117025194,402.10162197864076,8272.232794603693
ID165,A,2226.1566465338933,401.7679160624933,7140.139077385209
ID320,B,2638.8099864591154,419.73413796067956,8122.931140262373
ID726,C,2467.2274078519386,393.9699634401353,39.35440974293215
ID280,A,2394.6875533882167,418.089926475794,7830.182609160028
ID198,A,2406.660173240395,359.9592545435152,8046.6268785040575
ID592,C,2771.8663309217895,422.5350000302608,-305.5418812747803
ID369,C,2751.3194334210643,399.4957509708408,555.2890733666441
ID712,B,2156.36501151461,417.42877493304496,7352.683160241066
ID124,A,2237.5693910289347,398.4307578292288,6978.692036151681
ID253,C,2566.1791204507394,399.1907691083911,426.8039982491259
ID129,B,2589.0022858128677,411.4020929818216,8065.922008294199
ID606,C,2492.3832097634927,426.66166366289355,395.65203435733565
ID331,C,2173.725882370284,374.76712455241864,1204.644498323639
ID885,C,2348.061202042094,385.06024455099777,1314.7414825073995
ID632,A,2276.257671271817,398.8146256523655,6871.414770406178
ID743,C,2656.5860643404535,396.95855982771633,170.02425396336503
ID761,A,2450.4981791507844,391.93955647171975,8081.220359754989
ID349,B,2824.1380532006547,397.4800755382181,7981.3648443724815
ID378,C,2402.8271037138575,403.43183739538483,83.05437106591171
ID438,B,2503.164389749217,405.9835828583239,7241.539051799042
ID306,C,2575.701402169768,385.24432219703635,288.27907875536766
ID550,B,2562.776959473322,417.13086955528905,8331.016266115967
ID566,C,2371.3225105184933,400.51091779263095,421.38110139035734
ID386,A,2553.4134629332075,415.7412361385561,8005.330239003827
ID735,C,2705.003964121438,415.97453486681127,783.9516548196334
ID471,C,2463.4795290552984,391.2361011640825,817.103885194043
ID690,B,2259.0964139231232,388.58150658886876,6939.98700164402
ID813,A,2825.660038124461,406.86036585247086,9242.775963789358
ID104,A,2036.280020485767,396.6043161174164,6777.376554171751
ID206,B,2771.376759879801,385.5698752683181,8233.279505798648
ID511,B,2770.540421410985,399.3496877242543,8220.970654528632
ID151,A,2435.4198247240147,391.16420956798765,8040.386595616734
ID387,C,2822.0714289077678,422.0334191584255,-232.05768969488463
ID738,A,2471.9676750499984,398.2479291404219,7819.3751291144345
ID111,A,2572.10386984609,388.6926611955699,8518.472694866065
ID288,B,2367.465763427965,405.74496165476063,7069.085574476886
ID273,B,2440.5199967864196,384.44909940869064,7712.654091735791
ID409,A,2858.0526816928113,376.9465918132433,8881.6225967065
ID426,C,1963.475827841793,401.94437316441696,1160.2671949604965
ID396,B,2579.5457944784166,398.72490419639666,7875.88332540239
ID634,B,2446.0932846424253,408.1897219876174,7630.549975874602
ID746,A,2230.7405886685538,419.66393235654385,7488.114128235324
ID775,B,2880.887160381645,408.1709991752099,8618.65502435726
ID657,A,2084.6439192634325,406.69114522925145,6981.301812168263
ID882,C,2392.205400806315,398.54912600582827,504.2288399381396
ID130,C,1929.6576969559796,405.6826302351867,775.185508591376
ID872,C,2543.065936908913,383.04352679645154,887.2615289750461
ID628,A,2492.4570170670668,419.13356251760456,8255.548011509822
ID164,A,2670.731823603991,386.55450077373644,8871.079577152297
ID494,A,2280.392559324099,395.22724171512596,6774.738638288312
ID674,A,2329.202218989127,399.39977493409714,7567.896476708194
ID189,B,2784.2675499883867,398.8498123935971,8038.460674945836
ID668,A,2345.909282734528,400.7125419376302,7159.020624304454
ID567,A,2497.344644216924,389.26847628854034,8464.044576681903
ID699,B,2770.5710097707456,419.9717921745538,7809.61047701184
ID870,B,1648.9171055347156,415.46678778696514,6127.593120807198
ID490,C,2316.8046853823034,409.3324181489427,742.9389363055905
ID495,B,1955.9674938018313,385.12059004611564,6459.839405327808
ID525,A,2954.4798118420053,394.27817555317813,9343.841714730037
ID839,C,2468.2026272035264,396.8293213702506,449.04383165753325
ID401,B,2327.4766874392703,399.4032722022806,7140.372856581733
ID535,C,2305.486349032085,384.41267102846956,-183.58886276480416
ID739,B,2101.0813106532214,392.4364472881208,6727.534203204856
ID829,A,2513.264648193795,399.4441046536259,7983.125362679288
ID612,B,2508.06314185097,375.0200838585296,7403.959368740476
ID356,A,2091.470834607718,394.1852911675514,7122.1783729910185
ID118,A,1883.1814803970774,394.3729090806728,6312.311015770552
ID742,A,2095.535190981368,397.26071305453956,7060.632405027494
ID260,B,2941.1820119955582,401.01146452475757,7891.148507158892
ID460,A,2260.5143738619836,399.7859578950727,7937.434336350121
ID315,C,2974.006113565581,399.74186448883245,-177.16410188415603
ID483,B,2139.5090317383833,401.04216072514373,6383.264226404954
ID605,A,1905.9540286616661,406.8178204919356,6144.75195854414
ID162,C,2567.3462717393572,407.1778565166942,74.45718108479741
ID780,B,2224.9151799385463,387.7571945910939,7361.021940847446
ID708,A,2595.593415056538,377.3697235348878,8164.257278698902
ID361,B,2073.096559058055,401.7369690100926,7066.373270068641
ID759,B,2217.017324510786,407.07142133596653,6668.817562696069
ID820,B,2628.786400411313,410.1887694431439,7996.488795052443
ID736,C,2351.9613080060017,398.7673571413346,726.6955113806775
ID748,A,2317.411875639754,425.2484351168954,7170.6629222717265
ID650,B,3014.4111578218362,398.18877386807856,8781.275309951416
ID777,C,2476.06681486904,404.6451988213665,494.84078780699247
ID644,A,2577.828773812209,401.9832303984397,7861.994754746534
ID816,A,2280.786774901233,393.5994931928031,7014.94440136817
ID497,B,2216.606248541707,418.588288995512,6905.846706858919
ID425,B,3072.3043676151424,384.7269114727904,8665.465913716977
ID437,A,2208.681521622998,391.22739953104474,7216.102736220157
ID122,B,2301.757019008434,399.386046706081,6997.77396716348
ID192,A,2380.7434371037452,426.97182254484085,7596.079824248978
ID522,B,2307.8428975600314,415.6040740157419,7306.749845888283
ID197,C,2547.2368779530584,405.6821282446151,-68.5036768807704
ID428,C,2313.174657754665,414.6877538356849,-9.434704970036364
ID843,B,2760.875005598231,428.7753984746512,8132.433786004294
ID466,B,2996.288899355592,415.4424271798491,8514.61888270088
ID358,B,2828.783129141176,405.94960743515014,7734.627731453674
ID429,C,2557.9188283532476,403.40906193579633,712.5220220539054
ID277,B,2607.601970348193,395.30968716155405,7735.913726847349
ID133,B,2423.0240712045083,404.18480390769406,7671.043957456086
ID159,A,2738.4635628553046,375.4200622465626,9079.60812059264
ID818,C,2466.9081513254473,382.17915897026035,1050.1492358297464
ID247,A,2388.4554973005197,420.6558472850469,7589.693109009841
ID518,B,2208.660822619519,422.09187387988715,7329.5018043744985
ID728,A,2388.8153245267654,413.07363939744,7681.248536834333
ID177,B,2216.904513487123,405.1080852612481,7255.50963697442
ID539,A,2200.3795445183932,380.0817541806167,6950.982317231388
ID835,B,2090.534162693353,388.9353914694634,6749.247111364881
ID317,A,2937.943146375277,417.7428117938278,8766.300106160565
ID258,B,2239.430445067953,410.69854019050945,7549.978247282219
ID855,B,2160.0380175347677,402.1424904947093,7262.631648999899
ID900,A,2694.252731768967,400.2162936464616,8684.462067450891
ID239,A,2399.2676194324827,397.242892314385,7984.8237488270715
ID169,A,2553.768565905524,401.826569786389,7674.2610706734595
ID740,A,2046.8630264220142,388.8055871405199,6455.683345385505
ID137,A,2428.603284914609,398.17641995543994,7668.583787463327
ID765,A,2939.988372354515,402.8487791401165,9821.020631020432
ID862,C,2849.8684577859494,399.7600280005724,-156.61986946986144
ID419,B,2657.963544051972,376.04298684269423,7942.898518821888
ID221,C,2195.583593980664,400.5234732823774,951.5134944556962
ID391,A,1698.8018865792976,388.4263115916536,6326.400300978167
ID218,A,3058.510284355857,398.01577786325,9663.095883562248
ID112,A,2411.8463077061633,413.01040703358916,7743.707177349255
ID596,A,2596.4767417248468,413.7510778542574,8327.353690856784
ID175,A,2512.2325007950985,385.93203790785395,8128.540241338553
ID123,A,2863.639703182279,384.9406755698838,9009.231130406846
ID447,B,2700.997860623854,407.17447032712056,7738.5634587496925
ID411,A,2414.987047245745,409.4523593536546,8071.894692915891
ID184,A,2556.860532279284,402.5250136139994,7967.584278570984
ID364,A,2388.0082572480455,387.19060308398036,7529.68710292631
ID600,B,2240.4838098212995,414.5175054019453,7041.812326260266
ID528,C,2807.0986705779037,418.14837761171907,286.8473368942391
ID379,A,1890.8610247058368,399.588298554087,5779.402269918921
